Summary,Issue key,Issue id,Issue Type,Status,Project key,Project name,Project type,Project lead,Project lead id,Project description,Priority,Resolution,Assignee,Assignee Id,Reporter,Reporter Id,Creator,Creator Id,Created,Updated,Last Viewed,Resolved,Due date,Votes,Labels,Description,Environment,Watchers,Watchers Id,Original estimate,Remaining Estimate,Time Spent,Work Ratio,Σ Original Estimate,Σ Remaining Estimate,Σ Time Spent,Security Level,Inward issue link (Relates),Outward issue link (Relates),Attachment,Attachment,Custom field (Acceptance Criteria  ),Custom field (Actual Results),Custom field (Actual end),Custom field (Actual start),Custom field (Change reason),Custom field (Change risk),Custom field (Change type),Custom field (Development),Custom field (Epic Color),Custom field (Epic Name),Custom field (Epic Status),Custom field (Expected Results),Custom field (Goals),Custom field (Impact),Custom field (Issue color),Custom field (Locked forms),Custom field (Open forms),Custom field (Project overview key),Custom field (Project overview status),Custom field (Rank),Custom field (Request Type),Custom field (Sentiment),Custom field (Sevirity),Sprint,Custom field (Start date),Custom field (Steps),Custom field (Steps to Reproduce),Custom field (Story Points),Custom field (Story point estimate),Custom field (Submitted forms),Custom field (Target end),Custom field (Target start),Team Id,Team Name,Custom field (Total forms),Custom field (Vulnerability),Custom field ([CHART] Date of First Response),Custom field ([CHART] Time in Status),Status Category,Status Category Changed
G4_Orange HRM -login page -Open OrangeHRM on a mobile device ,DEPI-239,10465,Test Case,Done,DEPI,DEPI-385-FinalProject,software,DEPI 385,712020:48b9501b-17c1-498b-87ee-202b1a36f6f3,,Medium,Done,Mahmoud omar,712020:c32c6155-6db4-42b9-9cc2-9e62e54d57ad,Mahmoud omar,712020:c32c6155-6db4-42b9-9cc2-9e62e54d57ad,Mahmoud omar,712020:c32c6155-6db4-42b9-9cc2-9e62e54d57ad,15/Apr/25 11:08 PM,18/Apr/25 6:43 AM,03/May/25 10:58 PM,15/Apr/25 11:21 PM,,0,,Confirm that the login page adjust for the mobile screens and doesn't break ,,Mahmoud omar,712020:c32c6155-6db4-42b9-9cc2-9e62e54d57ad,,,,,,,,,DEPI-1,,15/Apr/25 11:01 PM;5857e531-c16b-4ced-bccb-f4553437df4e;Screenshot_20250415-225442_Chrome.jpg;https://depi385r2.atlassian.net/rest/api/3/attachment/content/10396,,,,,,,,,,,,,"Login page is fully visible, responsive and elements are aligned properly ",,,,,,,,0|i001g7:,,,,Sprint 1,,using a mobile device go to https://opensource-demo.orangehrmlive.com/web/index.php/auth/login,,,,,,,781b28f3-3271-4920-af22-dac0a1a9f127,Team4,,,,10000_*:*_2_*:*_463,Done,15/Apr/25 11:21 PM
Orange HRM - Manage Payroll- salaries calculated based on attendance and leave.,DEPI-91,10165,Test Case,To Do,DEPI,DEPI-385-FinalProject,software,DEPI 385,712020:48b9501b-17c1-498b-87ee-202b1a36f6f3,,Highest,,zeinab mohamed,712020:ac196a8d-0f42-4505-aee3-a24681fa3b2d,zeinab mohamed,712020:ac196a8d-0f42-4505-aee3-a24681fa3b2d,zeinab mohamed,712020:ac196a8d-0f42-4505-aee3-a24681fa3b2d,09/Apr/25 2:41 PM,30/Apr/25 4:39 PM,03/May/25 10:41 PM,,,0,,this aims to check that the salary calculation is synchronized with the employee’s duration,,zeinab mohamed,712020:ac196a8d-0f42-4505-aee3-a24681fa3b2d,,,,,,,,,DEPI-7,,09/Apr/25 2:41 PM;63ac125c-b19c-4c53-933d-f96cea06fb25;image-20250409-123954.png;https://depi385r2.atlassian.net/rest/api/3/attachment/content/10107,09/Apr/25 2:41 PM;63ac125c-b19c-4c53-933d-f96cea06fb25;image-20250409-124047.png;https://depi385r2.atlassian.net/rest/api/3/attachment/content/10108,,,,,,,,,,,,"the user is expecting to see the salary calculated correctly according to the duration of the employee

!image-20250409-123954.png|width=1167,height=268,alt=""image-20250409-123954.png""!

!image-20250409-124047.png|width=1248,height=387,alt=""image-20250409-124047.png""!",,,,,,,,0|i000lj:,,,,,,"# 1-navigate to [https://opensource-demo.orangehrmlive.com/|https://opensource-demo.orangehrmlive.com/|smart-link]
# 2- Enter using your valid username and password (as an admin)
# Go to  time, attendance, then employee records
# Go to leave, assign leave, or view the leave list
# See the duration of any employee
# go to pim
#  Click on an employee name from the employee list
# The employee’s salary should be the same as his duration",,,,,,,781b28f3-3271-4920-af22-dac0a1a9f127,Team4,,,,,To Do,09/Apr/25 2:41 PM
Orange HRM - Manage Payroll- data outside the amount's domain can't be saved,DEPI-89,10163,Test Case,Done,DEPI,DEPI-385-FinalProject,software,DEPI 385,712020:48b9501b-17c1-498b-87ee-202b1a36f6f3,,High,Done,zeinab mohamed,712020:ac196a8d-0f42-4505-aee3-a24681fa3b2d,zeinab mohamed,712020:ac196a8d-0f42-4505-aee3-a24681fa3b2d,zeinab mohamed,712020:ac196a8d-0f42-4505-aee3-a24681fa3b2d,09/Apr/25 2:16 PM,04/May/25 11:28 PM,,04/May/25 11:28 PM,,0,,this aims to check that the amount box can only take numbers,,zeinab mohamed,712020:ac196a8d-0f42-4505-aee3-a24681fa3b2d,,,,,,,,,DEPI-7,,09/Apr/25 2:16 PM;63ac125c-b19c-4c53-933d-f96cea06fb25;image-20250409-121606.png;https://depi385r2.atlassian.net/rest/api/3/attachment/content/10105,,,,,,,,,,,,,"the user is expected to be notified that the amount written in the amount’s box should be in numbers only

!image-20250409-121606.png|width=1180,height=550,alt=""image-20250409-121606.png""!",,,,,,,,0|i000l3:,,,,Sprint 1,,"

1-navigate to [https://opensource-demo.orangehrmlive.com/|https://opensource-demo.orangehrmlive.com/|smart-link]

2- Enter using your valid username and password (as an admin)

3-go to pim

4- Click on an employee name from the employee list

4- go to the salary on the right side menu that will appear

5- click add in assign salary components

6- fill the required data with the amount box in letters",,,,,,,781b28f3-3271-4920-af22-dac0a1a9f127,Team4,,,,10000_*:*_1_*:*_2189522260_*|*_10002_*:*_1_*:*_0,Done,04/May/25 11:28 PM
Orange HRM - Manage Payroll- ability to add data,DEPI-88,10162,Test Case,Done,DEPI,DEPI-385-FinalProject,software,DEPI 385,712020:48b9501b-17c1-498b-87ee-202b1a36f6f3,,Highest,Done,zeinab mohamed,712020:ac196a8d-0f42-4505-aee3-a24681fa3b2d,zeinab mohamed,712020:ac196a8d-0f42-4505-aee3-a24681fa3b2d,zeinab mohamed,712020:ac196a8d-0f42-4505-aee3-a24681fa3b2d,09/Apr/25 2:11 PM,04/May/25 11:28 PM,,04/May/25 11:28 PM,,0,,this checks that the admin is able to add salary,,zeinab mohamed,712020:ac196a8d-0f42-4505-aee3-a24681fa3b2d,,,,,,,,,DEPI-7,,09/Apr/25 2:11 PM;63ac125c-b19c-4c53-933d-f96cea06fb25;image-20250409-121019.png;https://depi385r2.atlassian.net/rest/api/3/attachment/content/10104,09/Apr/25 2:11 PM;63ac125c-b19c-4c53-933d-f96cea06fb25;image-20250409-121056.png;https://depi385r2.atlassian.net/rest/api/3/attachment/content/10103,,,,,,,,,,,,"the user should be able to add a salary and its details

!image-20250409-121019.png|width=1175,height=622,alt=""image-20250409-121019.png""!



!image-20250409-121056.png|width=1213,height=489,alt=""image-20250409-121056.png""!",,,,,,,,0|i000kv:,,,,Sprint 1,,"1-navigate to [https://opensource-demo.orangehrmlive.com/|https://opensource-demo.orangehrmlive.com/|smart-link]

2- Enter using your valid username and password (as an admin)

3-go to pim

4- Click on an employee name from the employee list

4- go to the salary on the right side menu that will appear

5- click add in assign salary components

6- fill the required data",,,,,,,781b28f3-3271-4920-af22-dac0a1a9f127,Team4,,,,10000_*:*_1_*:*_2189825745_*|*_10002_*:*_1_*:*_0,Done,04/May/25 11:28 PM
Orange HRM - Manage Payroll-employees(ess) can't navigate to salary tab,DEPI-87,10161,Test Case,Done,DEPI,DEPI-385-FinalProject,software,DEPI 385,712020:48b9501b-17c1-498b-87ee-202b1a36f6f3,,High,Done,zeinab mohamed,712020:ac196a8d-0f42-4505-aee3-a24681fa3b2d,zeinab mohamed,712020:ac196a8d-0f42-4505-aee3-a24681fa3b2d,zeinab mohamed,712020:ac196a8d-0f42-4505-aee3-a24681fa3b2d,09/Apr/25 2:05 PM,04/May/25 11:28 PM,,04/May/25 11:28 PM,,0,,this aims to check that onlly the admins can access the salary tab of an employee,,zeinab mohamed,712020:ac196a8d-0f42-4505-aee3-a24681fa3b2d,,,,,,,,,DEPI-7,,,,,,,,,,,,,,,the user shuld not be able to see the pim tab on the right side menu,,,,,,,,0|i000kn:,,,,Sprint 1,,"1- navigate to [https://opensource-demo.orangehrmlive.com/|https://opensource-demo.orangehrmlive.com/|smart-link] 

2- Enter using your valid username and password

3- Go to admin, then user management, then users

4-Create a new user with the *ESS* (Employee Self-Service) role

5- Log in with that user

6- Try to access pim the salary",,,,,,,781b28f3-3271-4920-af22-dac0a1a9f127,Team4,,,,10000_*:*_1_*:*_2190158433_*|*_10002_*:*_1_*:*_0,Done,04/May/25 11:28 PM
Orange HRM - Manage Payroll - admin can navigate to salary tab,DEPI-86,10160,Test Case,Done,DEPI,DEPI-385-FinalProject,software,DEPI 385,712020:48b9501b-17c1-498b-87ee-202b1a36f6f3,,Medium,Done,zeinab mohamed,712020:ac196a8d-0f42-4505-aee3-a24681fa3b2d,zeinab mohamed,712020:ac196a8d-0f42-4505-aee3-a24681fa3b2d,zeinab mohamed,712020:ac196a8d-0f42-4505-aee3-a24681fa3b2d,09/Apr/25 1:58 PM,04/May/25 11:28 PM,,04/May/25 11:28 PM,,0,,"this test case aims to check an admin has access to the salary of any employee

h2. ",,zeinab mohamed,712020:ac196a8d-0f42-4505-aee3-a24681fa3b2d,,,,,,,,,DEPI-7,,,,,,,,,,,,,,,the admin is expected to be able to have access directly to the tab,,,,,,,,0|i000kf:,,,,Sprint 1,,"

1-navigate to [https://opensource-demo.orangehrmlive.com/|https://opensource-demo.orangehrmlive.com/|smart-link]

2- Enter using your valid username and password (as an admin)

3-go to pim

4- Click on an employee name from the employee list

4- go to the salary on the right side menu that will appear

h2. ",,,,,,,781b28f3-3271-4920-af22-dac0a1a9f127,Team4,,,,10000_*:*_1_*:*_2190575692_*|*_10002_*:*_1_*:*_0,Done,04/May/25 11:28 PM
Orange HRM - Manage Payroll - admin can navigate to salary tab,DEPI-85,10159,Test Case,Done,DEPI,DEPI-385-FinalProject,software,DEPI 385,712020:48b9501b-17c1-498b-87ee-202b1a36f6f3,,Medium,Done,zeinab mohamed,712020:ac196a8d-0f42-4505-aee3-a24681fa3b2d,zeinab mohamed,712020:ac196a8d-0f42-4505-aee3-a24681fa3b2d,zeinab mohamed,712020:ac196a8d-0f42-4505-aee3-a24681fa3b2d,09/Apr/25 1:53 PM,04/May/25 11:28 PM,,04/May/25 11:28 PM,,0,,this test case aims to check an admin has access to the salary of any employee,,zeinab mohamed,712020:ac196a8d-0f42-4505-aee3-a24681fa3b2d,,,,,,,,,,,,,,,,,,,,,,,,the admin is expected to be able to have access directly to the tab,,,,,,,,0|i000k7:,,,,Sprint 1,,"1-navigate to [https://opensource-demo.orangehrmlive.com/|https://opensource-demo.orangehrmlive.com/|smart-link] 

2- Enter using your valid username and password (as an admin)

3-go to pim

4- Click on an employee name from the employee list

4- go to the salary on the right side menu that will appear",,,,,,,781b28f3-3271-4920-af22-dac0a1a9f127,Team4,,,,10000_*:*_1_*:*_2190869178_*|*_10002_*:*_1_*:*_0,Done,04/May/25 11:28 PM
Orange HRM-Performance Reviews-Submit a Performance Review,DEPI-84,10158,Test Case,Done,DEPI,DEPI-385-FinalProject,software,DEPI 385,712020:48b9501b-17c1-498b-87ee-202b1a36f6f3,,Medium,Done,jana bakry,712020:b71a2780-65b4-4c0f-87d0-f155f3ddf677,jana bakry,712020:b71a2780-65b4-4c0f-87d0-f155f3ddf677,jana bakry,712020:b71a2780-65b4-4c0f-87d0-f155f3ddf677,09/Apr/25 1:50 PM,04/May/25 11:28 PM,03/May/25 10:51 PM,04/May/25 11:28 PM,,0,team4,This test checks whether a manager can successfully fill and submit a performance evaluation.,,jana bakry,712020:b71a2780-65b4-4c0f-87d0-f155f3ddf677,,,,,,,,,DEPI-8,,09/Apr/25 1:50 PM;afc3b26d-dda1-4ddb-bf1f-0dd5875268c1;image-20250409-114953.png;https://depi385r2.atlassian.net/rest/api/3/attachment/content/10102,09/Apr/25 1:50 PM;afc3b26d-dda1-4ddb-bf1f-0dd5875268c1;image-20250409-115021.png;https://depi385r2.atlassian.net/rest/api/3/attachment/content/10101,,,,,,,,,,,,"The review is saved successfully, and a confirmation message is shown.

!image-20250409-114953.png|width=1482,height=776,alt=""image-20250409-114953.png""!

!image-20250409-115021.png|width=1487,height=721,alt=""image-20250409-115021.png""!",,,,,,,,0|i000jz:,,,,Sprint 1,,"# navigate to [OrangeHRM|https://opensource-demo.orangehrmlive.com/web/index.php/leave/viewLeaveList].
# Enter your valid username and password as an admin .
# click on performance .
# click in manage reviews .
# select mange reviews.
# click on ADD
# Fill in review fields (*Employee Name*,*Supervisor Reviewer*,and the date)
# click on save ",,,,,,,781b28f3-3271-4920-af22-dac0a1a9f127,Team4,,,,10000_*:*_1_*:*_2191042466_*|*_10002_*:*_1_*:*_0,Done,04/May/25 11:28 PM
Orange HRM-Performance Reviews-Access Performance Review Module,DEPI-83,10157,Test Case,Done,DEPI,DEPI-385-FinalProject,software,DEPI 385,712020:48b9501b-17c1-498b-87ee-202b1a36f6f3,,Medium,Done,jana bakry,712020:b71a2780-65b4-4c0f-87d0-f155f3ddf677,jana bakry,712020:b71a2780-65b4-4c0f-87d0-f155f3ddf677,jana bakry,712020:b71a2780-65b4-4c0f-87d0-f155f3ddf677,09/Apr/25 1:26 PM,04/May/25 11:27 PM,,04/May/25 11:27 PM,,0,team4,This test verifies that users with the manager role can view and access the performance review feature.,,jana bakry,712020:b71a2780-65b4-4c0f-87d0-f155f3ddf677,,,,,,,,,DEPI-8,,09/Apr/25 1:26 PM;afc3b26d-dda1-4ddb-bf1f-0dd5875268c1;image-20250409-112608.png;https://depi385r2.atlassian.net/rest/api/3/attachment/content/10100,,,,,,,,,,,,,"The system displays the performance review section with available actions (e.g., Add Review).

!image-20250409-112608.png|width=1488,height=680,alt=""image-20250409-112608.png""!",,,,,,,,0|i000jr:,,,,Sprint 1,,"# navigate to [OrangeHRM|https://opensource-demo.orangehrmlive.com/web/index.php/leave/viewLeaveList].
# Enter your valid username and password as an admin .
# click on performance .
# click in manage reviews .
# select mange reviews.",,,,,,,781b28f3-3271-4920-af22-dac0a1a9f127,Team4,,,,10000_*:*_1_*:*_2192475427_*|*_10002_*:*_1_*:*_0,Done,04/May/25 11:27 PM
Orange HRM-Leave Request-Admin Approves Leave,DEPI-64,10138,Test Case,In Progress,DEPI,DEPI-385-FinalProject,software,DEPI 385,712020:48b9501b-17c1-498b-87ee-202b1a36f6f3,,Low,,jana bakry,712020:b71a2780-65b4-4c0f-87d0-f155f3ddf677,jana bakry,712020:b71a2780-65b4-4c0f-87d0-f155f3ddf677,jana bakry,712020:b71a2780-65b4-4c0f-87d0-f155f3ddf677,09/Apr/25 12:13 AM,04/May/25 11:27 PM,,,,0,team4,Validates that the admin or manager has the authority to approve a leave request from an employee.,,jana bakry,712020:b71a2780-65b4-4c0f-87d0-f155f3ddf677,,,,,,,,,DEPI-4,DEPI-66,,,,,,,,,,,,,,"The leave request status is updated to ""Approved"", and the change is reflected in both admin and employee views.",,,,,,,,0|i000fj:,,,,Sprint 1,,"# navigate to [OrangeHRM|https://opensource-demo.orangehrmlive.com/web/index.php/leave/viewLeaveList]
# Enter your valid username and password
# click on leave
# click on leave list at the top
# select scheduled from show leave with status 
# click on search 
# Click approve",,,,,,,781b28f3-3271-4920-af22-dac0a1a9f127,Team4,,,,,In Progress,04/May/25 11:27 PM
Orange HRM-Leave Request-select leave type and dates ,DEPI-62,10136,Test Case,In Progress,DEPI,DEPI-385-FinalProject,software,DEPI 385,712020:48b9501b-17c1-498b-87ee-202b1a36f6f3,,Medium,,jana bakry,712020:b71a2780-65b4-4c0f-87d0-f155f3ddf677,jana bakry,712020:b71a2780-65b4-4c0f-87d0-f155f3ddf677,jana bakry,712020:b71a2780-65b4-4c0f-87d0-f155f3ddf677,08/Apr/25 11:38 PM,04/May/25 11:27 PM,,,,0,team4,This test case aims to verifies that the employee can initiate a leave request by choosing a leave type and date range.,,jana bakry,712020:b71a2780-65b4-4c0f-87d0-f155f3ddf677,,,,,,,,,DEPI-4,DEPI-63,09/Apr/25 12:09 AM;afc3b26d-dda1-4ddb-bf1f-0dd5875268c1;Screenshot 2025-04-09 000336-20250408-220337.png;https://depi385r2.atlassian.net/rest/api/3/attachment/content/10072,08/Apr/25 11:43 PM;afc3b26d-dda1-4ddb-bf1f-0dd5875268c1;image-20250408-214304.png;https://depi385r2.atlassian.net/rest/api/3/attachment/content/10069,,,,,,,,,,,,"Leave request is submitted successfully and appears in the ""My Leave"" section

!image-20250408-214304.png|width=1468,height=662,alt=""image-20250408-214304.png""!",,,,,,,,0|i000f3:,,,,Sprint 1,,"# navigate to [OrangeHRM|https://opensource-demo.orangehrmlive.com/web/index.php/leave/viewLeaveList]
# Enter your valid username and password
# click on leave 
# click on assign leave at the top 
# write the employee name
# select the leave type 
# select “from date” and “To date”
# select partial days (optional)
# add a comment (optional)
# click on assign ",,,,,,,781b28f3-3271-4920-af22-dac0a1a9f127,Team4,,,,,In Progress,04/May/25 11:27 PM
Orange HRM - View Employee Records- filtering using id,DEPI-44,10114,Test Case,Done,DEPI,DEPI-385-FinalProject,software,DEPI 385,712020:48b9501b-17c1-498b-87ee-202b1a36f6f3,,Medium,Done,zeinab mohamed,712020:ac196a8d-0f42-4505-aee3-a24681fa3b2d,zeinab mohamed,712020:ac196a8d-0f42-4505-aee3-a24681fa3b2d,zeinab mohamed,712020:ac196a8d-0f42-4505-aee3-a24681fa3b2d,07/Apr/25 6:03 PM,04/May/25 11:26 PM,,04/May/25 11:26 PM,,0,,this aims to test that the admin can filter only using the employee’s id,,zeinab mohamed,712020:ac196a8d-0f42-4505-aee3-a24681fa3b2d,,,,,,,,,DEPI-6,,07/Apr/25 6:03 PM;63ac125c-b19c-4c53-933d-f96cea06fb25;image-20250407-160323.png;https://depi385r2.atlassian.net/rest/api/3/attachment/content/10044,,,,,,,,,,,,,"the user should get a list with the employee with the id = to 04266

!image-20250407-160323.png|width=1502,height=713,alt=""image-20250407-160323.png""!",,,,,,,,0|i000b3:,,,,Sprint 1,,"1-navigate to

2-enter your valid username and password

3- got to 'pim' on the side menu

4- on the employee information section type the employee’s id (ex:04266)

5- click search",,,,,,,781b28f3-3271-4920-af22-dac0a1a9f127,Team4,,,,10000_*:*_1_*:*_2348570301_*|*_10002_*:*_1_*:*_0,Done,04/May/25 11:26 PM
Orange HRM - View Employee Records-Detailed employee profiles should be accessible.,DEPI-43,10113,Test Case,Done,DEPI,DEPI-385-FinalProject,software,DEPI 385,712020:48b9501b-17c1-498b-87ee-202b1a36f6f3,,High,Done,zeinab mohamed,712020:ac196a8d-0f42-4505-aee3-a24681fa3b2d,zeinab mohamed,712020:ac196a8d-0f42-4505-aee3-a24681fa3b2d,zeinab mohamed,712020:ac196a8d-0f42-4505-aee3-a24681fa3b2d,07/Apr/25 5:54 PM,04/May/25 11:26 PM,,04/May/25 11:26 PM,,0,,this test case aims to check that the admin is able to see all the employee’s details when clicking on it,,zeinab mohamed,712020:ac196a8d-0f42-4505-aee3-a24681fa3b2d,,,,,,,,,DEPI-6,,07/Apr/25 5:54 PM;63ac125c-b19c-4c53-933d-f96cea06fb25;image-20250407-155422.png;https://depi385r2.atlassian.net/rest/api/3/attachment/content/10043,,,,,,,,,,,,,"the user expects to see all the information about this employee

!image-20250407-155422.png|width=1533,height=732,alt=""image-20250407-155422.png""!

 ",,,,,,,,0|i000av:,,,,Sprint 1,,"1-navigate to [https://opensource-demo.orangehrmlive.com/|https://opensource-demo.orangehrmlive.com/|smart-link] 

2- enter using your valid username and password#

3- click on 'pim' on the side menu

4- filter and get the name of the employee you want to see his information",,,,,,,781b28f3-3271-4920-af22-dac0a1a9f127,Team4,,,,10000_*:*_1_*:*_2349106917_*|*_10002_*:*_1_*:*_0,Done,04/May/25 11:26 PM
Orange HRM - View Employee Records-the admin can search and filter,DEPI-42,10112,Test Case,Done,DEPI,DEPI-385-FinalProject,software,DEPI 385,712020:48b9501b-17c1-498b-87ee-202b1a36f6f3,,Medium,Done,zeinab mohamed,712020:ac196a8d-0f42-4505-aee3-a24681fa3b2d,zeinab mohamed,712020:ac196a8d-0f42-4505-aee3-a24681fa3b2d,zeinab mohamed,712020:ac196a8d-0f42-4505-aee3-a24681fa3b2d,07/Apr/25 5:46 PM,04/May/25 11:26 PM,,04/May/25 11:26 PM,,0,,"this test case aims to check that the admin is able to search and filter the employees using first name , last name , id and etc",,zeinab mohamed,712020:ac196a8d-0f42-4505-aee3-a24681fa3b2d,,,,,,,,,DEPI-6,,07/Apr/25 5:46 PM;63ac125c-b19c-4c53-933d-f96cea06fb25;image-20250407-154605.png;https://depi385r2.atlassian.net/rest/api/3/attachment/content/10042,,,,,,,,,,,,,"the admin should see the employees information only with the first name (lol)

!image-20250407-154605.png|width=1495,height=725,alt=""image-20250407-154605.png""!",,,,,,,,0|i000an:,,,,Sprint 1,,"1-navigate to [https://opensource-demo.orangehrmlive.com/|https://opensource-demo.orangehrmlive.com/|smart-link] 

2- enter using your valid username and password

3- go to 'pim' on the side menu

4- go to 'employee list' on the bar at the top of the page

5 - In the employee information section, for example write the first name of the employee (lol)",,,,,,,781b28f3-3271-4920-af22-dac0a1a9f127,Team4,,,,10000_*:*_1_*:*_2349605972_*|*_10002_*:*_1_*:*_0,Done,04/May/25 11:26 PM
Orange HRM - View Employee Records- All employees are displayed,DEPI-41,10111,Test Case,Done,DEPI,DEPI-385-FinalProject,software,DEPI 385,712020:48b9501b-17c1-498b-87ee-202b1a36f6f3,,High,Done,zeinab mohamed,712020:ac196a8d-0f42-4505-aee3-a24681fa3b2d,zeinab mohamed,712020:ac196a8d-0f42-4505-aee3-a24681fa3b2d,zeinab mohamed,712020:ac196a8d-0f42-4505-aee3-a24681fa3b2d,07/Apr/25 5:39 PM,04/May/25 11:26 PM,,04/May/25 11:26 PM,,0,,this test case aims to see that all employees are listed in the employee list ,,zeinab mohamed,712020:ac196a8d-0f42-4505-aee3-a24681fa3b2d,,,,,,,,,DEPI-6,,,,,,,,,,,,,,,"the user should see the list of name of employees 

names",,,,,,,,0|i000af:,,,,Sprint 1,,"1-navigate to [https://opensource-demo.orangehrmlive.com/|https://opensource-demo.orangehrmlive.com/|smart-link] 

2- Enter using a valid username and password

3-  go to 'pim' on the side menu

4- Click on the ‘employee list’ on the bar at the top of the page",,,,,,,781b28f3-3271-4920-af22-dac0a1a9f127,Team4,,,,10000_*:*_1_*:*_2350034322_*|*_10002_*:*_1_*:*_0,Done,04/May/25 11:26 PM
Orange HRM-Employee Management-Editing Employee Details,DEPI-37,10107,Test Case,In Progress,DEPI,DEPI-385-FinalProject,software,DEPI 385,712020:48b9501b-17c1-498b-87ee-202b1a36f6f3,,Low,,jana bakry,712020:b71a2780-65b4-4c0f-87d0-f155f3ddf677,jana bakry,712020:b71a2780-65b4-4c0f-87d0-f155f3ddf677,jana bakry,712020:b71a2780-65b4-4c0f-87d0-f155f3ddf677,07/Apr/25 3:18 PM,04/May/25 11:25 PM,,,,0,team4,This test case validates that an admin user can modify the details of an existing employee,,jana bakry,712020:b71a2780-65b4-4c0f-87d0-f155f3ddf677,,,,,,,,,DEPI-3,,,,,,,,,,,,,,,"* The system should successfully update the employee’s details.
* The modified details (e.g., updated First Name or Job Title) should be reflected in the employee list or profile.
* A success message should be displayed after saving.",,,,,,,,0|i0009j:,,,,Sprint 1,,"# Log in to the [OrangeHRM|https://opensource-demo.orangehrmlive.com/web/index.php/auth/login] system as an admin user.
# click on PIM 
# click on edit  ( pen icon )
# Modify the employee’s details (e.g., change the First Name or Job Title).
# Click the ""Save"" button to save the changes.
# Refresh the employee list or revisit the employee’s profile to verify the updated details.",,,,,,,781b28f3-3271-4920-af22-dac0a1a9f127,Team4,,,,,In Progress,04/May/25 11:25 PM
orange HRM-Employee management - deleting an employee,DEPI-36,10106,Test Case,Done,DEPI,DEPI-385-FinalProject,software,DEPI 385,712020:48b9501b-17c1-498b-87ee-202b1a36f6f3,,Highest,Done,zeinab mohamed,712020:ac196a8d-0f42-4505-aee3-a24681fa3b2d,zeinab mohamed,712020:ac196a8d-0f42-4505-aee3-a24681fa3b2d,zeinab mohamed,712020:ac196a8d-0f42-4505-aee3-a24681fa3b2d,07/Apr/25 3:18 PM,04/May/25 11:25 PM,,04/May/25 11:25 PM,,0,,this aims to test whither deleting an employee requires confirmation or not,,zeinab mohamed,712020:ac196a8d-0f42-4505-aee3-a24681fa3b2d,,,,,,,,,DEPI-3,DEPI-38,,,,,,,,,,,,,,the user is expected to be asked to put or enter and a confirmation method to do this action,,,,,,,,0|i0009b:,,,,Sprint 1,,"1-navigate to [OrangeHRM|https://opensource-demo.orangehrmlive.com/web/index.php/pim/viewEmployeeList]

2- Enter your valid username and password

3-  click on ‘pim’ in the side menu

4- On the employee list, click on the pin icon",,,,,,,781b28f3-3271-4920-af22-dac0a1a9f127,Team4,,,,10000_*:*_1_*:*_2358419387_*|*_10002_*:*_1_*:*_0,Done,04/May/25 11:25 PM
orange HRM-Employee management - adding new employees,DEPI-35,10105,Test Case,Done,DEPI,DEPI-385-FinalProject,software,DEPI 385,712020:48b9501b-17c1-498b-87ee-202b1a36f6f3,,Highest,Done,zeinab mohamed,712020:ac196a8d-0f42-4505-aee3-a24681fa3b2d,zeinab mohamed,712020:ac196a8d-0f42-4505-aee3-a24681fa3b2d,zeinab mohamed,712020:ac196a8d-0f42-4505-aee3-a24681fa3b2d,07/Apr/25 3:08 PM,04/May/25 11:25 PM,,04/May/25 11:25 PM,,0,,this aims to test that the admin can add new employees,,zeinab mohamed,712020:ac196a8d-0f42-4505-aee3-a24681fa3b2d,,,,,,,,,DEPI-3,,07/Apr/25 3:08 PM;63ac125c-b19c-4c53-933d-f96cea06fb25;image-20250407-130804.png;https://depi385r2.atlassian.net/rest/api/3/attachment/content/10039,,,,,,,,,,,,,"the user is expected to see a page with the data needed to be filled to add the employee 

!image-20250407-130804.png|width=1502,height=727,alt=""image-20250407-130804.png""!",,,,,,,,0|i00093:,,,,Sprint 1,,"1-navigate to [OrangeHRM|https://opensource-demo.orangehrmlive.com/web/index.php/pim/viewEmployeeList]

2- enter your valid name and password 

3- click on 'pim' on the side menu

4- click on ‘add employee’ on the bar at the top of the page",,,,,,,781b28f3-3271-4920-af22-dac0a1a9f127,Team4,,,,10000_*:*_1_*:*_2358995692_*|*_10002_*:*_1_*:*_0,Done,04/May/25 11:25 PM
Orange HRM-Login Functionality-Verify Access to Dashboard Is Blocked After Logout,DEPI-33,10103,Test Case,In Progress,DEPI,DEPI-385-FinalProject,software,DEPI 385,712020:48b9501b-17c1-498b-87ee-202b1a36f6f3,,High,,jana bakry,712020:b71a2780-65b4-4c0f-87d0-f155f3ddf677,jana bakry,712020:b71a2780-65b4-4c0f-87d0-f155f3ddf677,jana bakry,712020:b71a2780-65b4-4c0f-87d0-f155f3ddf677,07/Apr/25 2:37 PM,04/May/25 11:31 PM,,,,0,team4,"This test case checks that once the user logs out, trying to go back using the browser should not allow access to the dashboard or any protected pages. This verifies session expiry.",,jana bakry,712020:b71a2780-65b4-4c0f-87d0-f155f3ddf677,,,,,,,,,DEPI-2,DEPI-34,07/Apr/25 2:37 PM;afc3b26d-dda1-4ddb-bf1f-0dd5875268c1;WhatsApp Video 2025-04-07 at 14.36.13_790c02bf.mp4;https://depi385r2.atlassian.net/rest/api/3/attachment/content/10037,,,,,,,,,,,,,"The system should not show the dashboard again.

!WhatsApp Video 2025-04-07 at 14.36.13_790c02bf.mp4|width=1920,height=1080,alt=""WhatsApp Video 2025-04-07 at 14.36.13_790c02bf.mp4""!",,,,,,,,0|i0008n:,,,,Sprint 1,,"# Open  [OrangeHRM|https://opensource-demo.orangehrmlive.com/web/index.php/auth/login]

  2. Log in and open the dashboard.

# Click on the profile and choose *Logout*.
# Once redirected to the login page, press the browser *Back* button.",,,,,,,781b28f3-3271-4920-af22-dac0a1a9f127,Team4,,,,,In Progress,04/May/25 11:31 PM
orange HRM -Logout Functionality-redirecting to log in page,DEPI-32,10102,Test Case,Done,DEPI,DEPI-385-FinalProject,software,DEPI 385,712020:48b9501b-17c1-498b-87ee-202b1a36f6f3,,High,Done,zeinab mohamed,712020:ac196a8d-0f42-4505-aee3-a24681fa3b2d,zeinab mohamed,712020:ac196a8d-0f42-4505-aee3-a24681fa3b2d,zeinab mohamed,712020:ac196a8d-0f42-4505-aee3-a24681fa3b2d,07/Apr/25 2:16 PM,04/May/25 11:25 PM,,04/May/25 11:25 PM,,0,,this test case aims to check wither the user is returned back to the log in page after logging out,,zeinab mohamed,712020:ac196a8d-0f42-4505-aee3-a24681fa3b2d,,,,,,,,,DEPI-2,,07/Apr/25 2:16 PM;63ac125c-b19c-4c53-933d-f96cea06fb25;20250407_140853_edit1.mp4;https://depi385r2.atlassian.net/rest/api/3/attachment/content/10036,,,,,,,,,,,,,"the user is expected to return back to the log in page

!20250407_140853_edit1.mp4|width=1920,height=1080,alt=""20250407_140853_edit1.mp4""!",,,,,,,,0|i0008f:,,,,Sprint 1,,"1-navigate to [OrangeHRM|https://opensource-demo.orangehrmlive.com/web/index.php/dashboard/index]

2-enter your valid username and password

3- click on the user’s username at the top right corner of the page

4- click on ‘logout’ option",,,,,,,781b28f3-3271-4920-af22-dac0a1a9f127,Team4,,,,10000_*:*_1_*:*_2362143798_*|*_10002_*:*_1_*:*_0,Done,04/May/25 11:25 PM
Orange HRM-Logout Functionality-logout option ,DEPI-31,10101,Test Case,Done,DEPI,DEPI-385-FinalProject,software,DEPI 385,712020:48b9501b-17c1-498b-87ee-202b1a36f6f3,,Medium,Done,jana bakry,712020:b71a2780-65b4-4c0f-87d0-f155f3ddf677,jana bakry,712020:b71a2780-65b4-4c0f-87d0-f155f3ddf677,jana bakry,712020:b71a2780-65b4-4c0f-87d0-f155f3ddf677,07/Apr/25 2:10 PM,04/May/25 11:25 PM,11/Apr/25 5:50 PM,04/May/25 11:25 PM,,0,team4,this test case aims to test that the user should see a logout option.,,jana bakry,712020:b71a2780-65b4-4c0f-87d0-f155f3ddf677,,,,,,,,,DEPI-2,,07/Apr/25 2:10 PM;afc3b26d-dda1-4ddb-bf1f-0dd5875268c1;image-20250407-121018.png;https://depi385r2.atlassian.net/rest/api/3/attachment/content/10035,,,,,,,,,,,,,"* The *Logout* option should be visible in the dropdown menu.
* The user should be able to see and click on ""Logout"" to end the session.

!image-20250407-121018.png|width=1916,height=975,alt=""image-20250407-121018.png""!",,,,,,,,0|i00087:,,,,Sprint 1,,"# Open the OrangeHRM login page.
# Enter valid username and password.
# Click the *Login* button.
# After login, navigate to the top-right corner of the dashboard.
# Click on the user profile dropdown (e.g., ""manda user""",,,,,,,781b28f3-3271-4920-af22-dac0a1a9f127,Team4,,,,10000_*:*_1_*:*_2362481087_*|*_10002_*:*_1_*:*_0,Done,04/May/25 11:25 PM
Orange HRM-login functionality-check valid credentials login,DEPI-30,10100,Test Case,Done,DEPI,DEPI-385-FinalProject,software,DEPI 385,712020:48b9501b-17c1-498b-87ee-202b1a36f6f3,,Highest,Done,jana bakry,712020:b71a2780-65b4-4c0f-87d0-f155f3ddf677,jana bakry,712020:b71a2780-65b4-4c0f-87d0-f155f3ddf677,jana bakry,712020:b71a2780-65b4-4c0f-87d0-f155f3ddf677,07/Apr/25 1:40 PM,04/May/25 11:25 PM,11/Apr/25 5:53 PM,04/May/25 11:25 PM,,0,team4,this test case aims to test the behavoir when user logs in with valid user name and password .,,jana bakry,712020:b71a2780-65b4-4c0f-87d0-f155f3ddf677,,,,,,,,,DEPI-1,,07/Apr/25 1:45 PM;afc3b26d-dda1-4ddb-bf1f-0dd5875268c1;image-20250407-114459.png;https://depi385r2.atlassian.net/rest/api/3/attachment/content/10034,,,,,,,,,,,,,"Login is successful and the user is taken to the Dashboard.

!image-20250407-114459.png|width=1526,height=704,alt=""image-20250407-114459.png""!",,,,,,,,0|i0007z:,,,,Sprint 1,,"# Navigate to webapp [OrangeHRM|https://opensource-demo.orangehrmlive.com/web/index.php/auth/login].
# in user name field enter (Admin)
# in password field enter (admin123)
# click on login button",,,,,,,781b28f3-3271-4920-af22-dac0a1a9f127,Team4,,,,10000_*:*_1_*:*_2364300972_*|*_10002_*:*_1_*:*_0,Done,04/May/25 11:25 PM
 Login Functionality- log in with invalid credentials ,DEPI-29,10099,Test Case,Done,DEPI,DEPI-385-FinalProject,software,DEPI 385,712020:48b9501b-17c1-498b-87ee-202b1a36f6f3,,High,Done,zeinab mohamed,712020:ac196a8d-0f42-4505-aee3-a24681fa3b2d,zeinab mohamed,712020:ac196a8d-0f42-4505-aee3-a24681fa3b2d,zeinab mohamed,712020:ac196a8d-0f42-4505-aee3-a24681fa3b2d,07/Apr/25 1:39 PM,04/May/25 11:25 PM,11/Apr/25 5:49 PM,04/May/25 11:25 PM,,0,,this test case aims to test the behavior when the user tries to log in using invalid username and password,,zeinab mohamed,712020:ac196a8d-0f42-4505-aee3-a24681fa3b2d,,,,,,,,,DEPI-1,,07/Apr/25 1:39 PM;63ac125c-b19c-4c53-933d-f96cea06fb25;image-20250407-113812.png;https://depi385r2.atlassian.net/rest/api/3/attachment/content/10033,,,,,,,,,,,,,"expected to say that the data the is invalid

!image-20250407-113812.png|width=678,height=607,alt=""image-20250407-113812.png""!",,,,,,,,0|i0007r:,,,,Sprint 1,,"1- navigate to [OrangeHRM|https://opensource-demo.orangehrmlive.com/web/index.php/auth/login]

2- enter wrong username and password

3- click on log in",,,,,,,781b28f3-3271-4920-af22-dac0a1a9f127,Team4,,,,10000_*:*_1_*:*_2364354614_*|*_10002_*:*_1_*:*_0,Done,04/May/25 11:25 PM
